Manufacturer,Percentage
Intel,80.68459657701712
Realtek,7.090464547677261
MediaTek,4.400977995110025
Qualcomm,2.93398533007335
Killer,1.9559902200488997
NETGEAR,0.7334963325183375
TP-Link,0.4889975550122249
RZ616,0.4889975550122249
Edimax,0.24449877750611246
Wi-Fi,0.24449877750611246
Marvell,0.24449877750611246
Dell,0.24449877750611246
Broadcom,0.24449877750611246
