Manufacturer,Percentage
Intel,80.8252427184466
Realtek,7.038834951456311
MediaTek,4.368932038834951
Qualcomm,2.912621359223301
Killer,1.9417475728155338
NETGEAR,0.7281553398058253
TP-Link,0.48543689320388345
RZ616,0.48543689320388345
Edimax,0.24271844660194172
Wi-Fi,0.24271844660194172
Marvell,0.24271844660194172
Broadcom,0.24271844660194172
Dell,0.24271844660194172
