Manufacturer,Percentage
Intel,80.85642317380352
Realtek,7.052896725440807
MediaTek,4.534005037783375
Qualcomm,3.022670025188917
Killer,1.7632241813602016
NETGEAR,0.5037783375314862
Wi-Fi,0.5037783375314862
TP-Link,0.5037783375314862
Fi,0.2518891687657431
Edimax,0.2518891687657431
Marvell,0.2518891687657431
RZ616,0.2518891687657431
Dell,0.2518891687657431
