Manufacturer,Percentage
Intel,80.28503562945369
Realtek,6.88836104513064
MediaTek,4.275534441805226
Qualcomm,3.5629453681710213
Killer,2.137767220902613
NETGEAR,0.7125890736342043
TP-Link,0.4750593824228029
RZ616,0.4750593824228029
Edimax,0.23752969121140144
Wi-Fi,0.23752969121140144
Marvell,0.23752969121140144
Dell,0.23752969121140144
Broadcom,0.23752969121140144
