Manufacturer,Percentage
Intel,82.38341968911918
Realtek,5.958549222797927
MediaTek,4.404145077720207
Qualcomm,3.1088082901554404
Killer,1.8134715025906734
NETGEAR,0.5181347150259068
Wi-Fi,0.5181347150259068
TP-Link,0.2590673575129534
Edimax,0.2590673575129534
Marvell,0.2590673575129534
Dell,0.2590673575129534
RZ616,0.2590673575129534
