Manufacturer,Percentage
Intel,80.42959427207637
Realtek,6.921241050119331
MediaTek,4.295942720763723
Qualcomm,3.341288782816229
Killer,2.1479713603818613
NETGEAR,0.7159904534606205
TP-Link,0.47732696897374705
RZ616,0.47732696897374705
Edimax,0.23866348448687352
Wi-Fi,0.23866348448687352
Marvell,0.23866348448687352
Dell,0.23866348448687352
Broadcom,0.23866348448687352
