Manufacturer,Percentage
Intel,80.76923076923077
Realtek,6.971153846153847
MediaTek,4.326923076923077
Qualcomm,3.125
Killer,1.9230769230769231
NETGEAR,0.7211538461538461
TP-Link,0.4807692307692308
RZ616,0.4807692307692308
Edimax,0.2403846153846154
Wi-Fi,0.2403846153846154
Marvell,0.2403846153846154
Broadcom,0.2403846153846154
Dell,0.2403846153846154
