Manufacturer,Percentage
Intel,81.1704834605598
Realtek,6.870229007633588
MediaTek,4.580152671755725
Qualcomm,3.0534351145038165
Killer,1.7811704834605597
NETGEAR,0.5089058524173028
Wi-Fi,0.5089058524173028
TP-Link,0.5089058524173028
Edimax,0.2544529262086514
Marvell,0.2544529262086514
RZ616,0.2544529262086514
Dell,0.2544529262086514
