Manufacturer,Percentage
Intel,81.0126582278481
Realtek,7.088607594936709
MediaTek,4.556962025316456
Qualcomm,3.0379746835443036
Killer,1.7721518987341773
NETGEAR,0.5063291139240507
Wi-Fi,0.5063291139240507
TP-Link,0.5063291139240507
Edimax,0.25316455696202533
Marvell,0.25316455696202533
Dell,0.25316455696202533
RZ616,0.25316455696202533
