Manufacturer,Percentage
Intel,81.77083333333334
Realtek,5.989583333333334
MediaTek,4.427083333333334
Qualcomm,3.125
Killer,1.8229166666666667
NETGEAR,0.5208333333333333
Wi-Fi,0.5208333333333333
TP-Link,0.26041666666666663
Edimax,0.26041666666666663
Marvell,0.26041666666666663
rtw89_8852be,0.26041666666666663
ath10k_pci,0.26041666666666663
RZ616,0.26041666666666663
Dell,0.26041666666666663
