Manufacturer,Percentage
Intel,81.91214470284238
Realtek,5.943152454780361
MediaTek,4.3927648578811365
Qualcomm,3.10077519379845
Killer,1.8087855297157622
NETGEAR,0.516795865633075
Wi-Fi,0.516795865633075
TP-Link,0.2583979328165375
Edimax,0.2583979328165375
Marvell,0.2583979328165375
rtw89_8852be,0.2583979328165375
Dell,0.2583979328165375
ath10k_pci,0.2583979328165375
RZ616,0.2583979328165375
