Manufacturer,Percentage
Intel,80.91787439613528
Realtek,7.004830917874397
MediaTek,4.3478260869565215
Qualcomm,2.898550724637681
Killer,1.932367149758454
NETGEAR,0.7246376811594203
TP-Link,0.4830917874396135
RZ616,0.4830917874396135
Edimax,0.24154589371980675
Wi-Fi,0.24154589371980675
Marvell,0.24154589371980675
Broadcom,0.24154589371980675
Dell,0.24154589371980675
