Manufacturer,Percentage
Intel,81.09452736318407
Realtek,7.213930348258707
MediaTek,4.477611940298507
Qualcomm,2.9850746268656714
Killer,1.7412935323383085
NETGEAR,0.4975124378109453
TP-Link,0.4975124378109453
RZ616,0.4975124378109453
Edimax,0.24875621890547264
Marvell,0.24875621890547264
Dell,0.24875621890547264
Broadcom,0.24875621890547264
