Manufacturer,Percentage
Intel,80.87167070217917
Realtek,7.021791767554479
MediaTek,4.358353510895883
Qualcomm,2.9055690072639226
Killer,1.937046004842615
NETGEAR,0.7263922518159807
TP-Link,0.48426150121065376
RZ616,0.48426150121065376
Edimax,0.24213075060532688
Wi-Fi,0.24213075060532688
Marvell,0.24213075060532688
Broadcom,0.24213075060532688
Dell,0.24213075060532688
