Manufacturer,Percentage
Intel,81.7948717948718
Realtek,6.41025641025641
MediaTek,4.615384615384616
Qualcomm,3.076923076923077
Killer,1.7948717948717947
NETGEAR,0.5128205128205128
Wi-Fi,0.5128205128205128
Edimax,0.2564102564102564
TP-Link,0.2564102564102564
Marvell,0.2564102564102564
RZ616,0.2564102564102564
Dell,0.2564102564102564
