Manufacturer,Percentage
Intel,80.83538083538083
Realtek,7.125307125307126
MediaTek,4.422604422604422
Qualcomm,2.9484029484029484
Killer,1.9656019656019657
NETGEAR,0.4914004914004914
TP-Link,0.4914004914004914
RZ616,0.4914004914004914
Edimax,0.2457002457002457
Wi-Fi,0.2457002457002457
Marvell,0.2457002457002457
Broadcom,0.2457002457002457
Dell,0.2457002457002457
