Manufacturer,Percentage
Intel,80.57553956834532
Realtek,6.954436450839328
MediaTek,4.316546762589928
Qualcomm,3.357314148681055
Killer,1.9184652278177456
NETGEAR,0.7194244604316548
TP-Link,0.4796163069544364
RZ616,0.4796163069544364
Edimax,0.2398081534772182
Wi-Fi,0.2398081534772182
Marvell,0.2398081534772182
Dell,0.2398081534772182
Broadcom,0.2398081534772182
