Manufacturer,Percentage
Intel,81.203007518797
Realtek,7.268170426065162
MediaTek,4.511278195488721
Qualcomm,3.007518796992481
Killer,1.7543859649122806
NETGEAR,0.5012531328320802
TP-Link,0.5012531328320802
RZ616,0.5012531328320802
Edimax,0.2506265664160401
Marvell,0.2506265664160401
Dell,0.2506265664160401
