Manufacturer,Percentage
Intel,81.74807197943444
Realtek,5.912596401028278
MediaTek,4.370179948586118
Qualcomm,3.0848329048843186
Killer,1.7994858611825193
NETGEAR,0.5141388174807198
Wi-Fi,0.5141388174807198
TP-Link,0.2570694087403599
Edimax,0.2570694087403599
iwlwifi,0.2570694087403599
Marvell,0.2570694087403599
rtw89_8852be,0.2570694087403599
RZ616,0.2570694087403599
Dell,0.2570694087403599
ath10k_pci,0.2570694087403599
