Manufacturer,Percentage
Intel,80.98765432098766
Realtek,7.160493827160494
MediaTek,4.444444444444445
Qualcomm,2.9629629629629632
Killer,1.728395061728395
NETGEAR,0.49382716049382713
TP-Link,0.49382716049382713
RZ616,0.49382716049382713
Edimax,0.24691358024691357
Wi-Fi,0.24691358024691357
Marvell,0.24691358024691357
Dell,0.24691358024691357
Broadcom,0.24691358024691357
