Manufacturer,Percentage
Intel,81.58567774936061
Realtek,6.649616368286446
MediaTek,4.603580562659847
Qualcomm,3.0690537084398977
Killer,1.7902813299232736
NETGEAR,0.5115089514066496
Wi-Fi,0.5115089514066496
Edimax,0.2557544757033248
TP-Link,0.2557544757033248
Marvell,0.2557544757033248
RZ616,0.2557544757033248
Dell,0.2557544757033248
