Manufacturer,Percentage
Intel,80.73170731707317
Realtek,7.073170731707316
MediaTek,4.390243902439024
Qualcomm,2.9268292682926833
Killer,1.951219512195122
NETGEAR,0.7317073170731708
TP-Link,0.4878048780487805
RZ616,0.4878048780487805
Edimax,0.24390243902439024
Wi-Fi,0.24390243902439024
Marvell,0.24390243902439024
Dell,0.24390243902439024
Broadcom,0.24390243902439024
