Manufacturer,Percentage
Intel,80.18867924528303
Realtek,6.839622641509433
MediaTek,4.245283018867925
Qualcomm,3.7735849056603774
Killer,2.1226415094339623
NETGEAR,0.7075471698113208
TP-Link,0.4716981132075472
RZ616,0.4716981132075472
Edimax,0.2358490566037736
Wi-Fi,0.2358490566037736
Marvell,0.2358490566037736
Broadcom,0.2358490566037736
Dell,0.2358490566037736
