Manufacturer,Percentage
Intel,81.70103092783505
Realtek,5.927835051546391
MediaTek,4.381443298969072
Qualcomm,3.0927835051546393
Killer,1.804123711340206
NETGEAR,0.5154639175257731
Wi-Fi,0.5154639175257731
TP-Link,0.25773195876288657
Edimax,0.25773195876288657
iwlwifi,0.25773195876288657
Marvell,0.25773195876288657
rtw89_8852be,0.25773195876288657
ath10k_pci,0.25773195876288657
RZ616,0.25773195876288657
Dell,0.25773195876288657
