Manufacturer,Percentage
Intel,81.86528497409327
Realtek,5.958549222797927
MediaTek,4.404145077720207
Qualcomm,3.1088082901554404
Killer,1.8134715025906734
Wi-Fi,0.5181347150259068
NETGEAR,0.5181347150259068
TP-Link,0.2590673575129534
Edimax,0.2590673575129534
Marvell,0.2590673575129534
rtw89_8852be,0.2590673575129534
Dell,0.2590673575129534
RZ616,0.2590673575129534
ath10k_pci,0.2590673575129534
