Manufacturer,Percentage
Intel,81.15577889447236
Realtek,7.2864321608040195
MediaTek,4.522613065326634
Qualcomm,3.015075376884422
Killer,1.7587939698492463
NETGEAR,0.5025125628140703
TP-Link,0.5025125628140703
RZ616,0.5025125628140703
Edimax,0.25125628140703515
Marvell,0.25125628140703515
Dell,0.25125628140703515
