Manufacturer,Percentage
Intel,81.04738154613467
Realtek,7.231920199501247
MediaTek,4.488778054862843
Qualcomm,2.9925187032418954
Killer,1.7456359102244388
NETGEAR,0.4987531172069825
TP-Link,0.4987531172069825
RZ616,0.4987531172069825
Edimax,0.24937655860349126
Marvell,0.24937655860349126
Dell,0.24937655860349126
Broadcom,0.24937655860349126
