Manufacturer,Percentage
Intel,82.12435233160622
Realtek,6.217616580310881
MediaTek,4.404145077720207
Qualcomm,3.1088082901554404
Killer,1.8134715025906734
NETGEAR,0.5181347150259068
Wi-Fi,0.5181347150259068
Edimax,0.2590673575129534
TP-Link,0.2590673575129534
Marvell,0.2590673575129534
RZ616,0.2590673575129534
Dell,0.2590673575129534
