Manufacturer,Percentage
Intel,81.81818181818183
Realtek,5.974025974025974
MediaTek,4.415584415584416
Qualcomm,3.116883116883117
Killer,1.8181818181818181
Wi-Fi,0.5194805194805194
NETGEAR,0.5194805194805194
TP-Link,0.2597402597402597
Edimax,0.2597402597402597
Marvell,0.2597402597402597
rtw89_8852be,0.2597402597402597
Dell,0.2597402597402597
RZ616,0.2597402597402597
ath10k_pci,0.2597402597402597
