Manufacturer,Percentage
Intel,80.09478672985783
Realtek,6.872037914691943
MediaTek,4.265402843601896
Qualcomm,3.7914691943127963
Killer,2.132701421800948
NETGEAR,0.7109004739336493
TP-Link,0.47393364928909953
RZ616,0.47393364928909953
Edimax,0.23696682464454977
Wi-Fi,0.23696682464454977
Marvell,0.23696682464454977
Dell,0.23696682464454977
Broadcom,0.23696682464454977
