Manufacturer,Percentage
Intel,80.8080808080808
Realtek,7.3232323232323235
MediaTek,4.545454545454546
Qualcomm,3.0303030303030303
Killer,1.7676767676767675
NETGEAR,0.5050505050505051
Wi-Fi,0.5050505050505051
TP-Link,0.5050505050505051
Edimax,0.25252525252525254
Marvell,0.25252525252525254
Dell,0.25252525252525254
RZ616,0.25252525252525254
