Manufacturer,Percentage
Intel,82.21649484536083
Realtek,6.185567010309279
MediaTek,4.381443298969072
Qualcomm,3.0927835051546393
Killer,1.804123711340206
NETGEAR,0.5154639175257731
Wi-Fi,0.5154639175257731
Edimax,0.25773195876288657
TP-Link,0.25773195876288657
Marvell,0.25773195876288657
RZ616,0.25773195876288657
Dell,0.25773195876288657
