Manufacturer,Percentage
Intel,80.28169014084507
Realtek,6.807511737089202
MediaTek,4.225352112676056
Qualcomm,3.755868544600939
Killer,2.112676056338028
NETGEAR,0.7042253521126761
TP-Link,0.4694835680751174
RZ616,0.4694835680751174
Edimax,0.2347417840375587
Wi-Fi,0.2347417840375587
Marvell,0.2347417840375587
Dell,0.2347417840375587
Broadcom,0.2347417840375587
