Manufacturer,Percentage
Intel,80.13856812933025
Realtek,6.928406466512701
MediaTek,4.157043879907621
Qualcomm,3.695150115473441
Killer,2.0785219399538106
NETGEAR,0.6928406466512702
TP-Link,0.6928406466512702
RZ616,0.4618937644341801
Edimax,0.23094688221709006
Wi-Fi,0.23094688221709006
Marvell,0.23094688221709006
Dell,0.23094688221709006
Broadcom,0.23094688221709006
