Manufacturer,Percentage
Intel,80.46511627906978
Realtek,6.744186046511628
MediaTek,4.186046511627907
Qualcomm,3.7209302325581395
Killer,2.0930232558139537
NETGEAR,0.6976744186046512
TP-Link,0.46511627906976744
RZ616,0.46511627906976744
Edimax,0.23255813953488372
Wi-Fi,0.23255813953488372
Marvell,0.23255813953488372
Dell,0.23255813953488372
Broadcom,0.23255813953488372
