Manufacturer,Percentage
Intel,80.0925925925926
Realtek,6.944444444444445
MediaTek,4.166666666666666
Qualcomm,3.7037037037037033
Killer,2.083333333333333
NETGEAR,0.6944444444444444
TP-Link,0.6944444444444444
RZ616,0.4629629629629629
Edimax,0.23148148148148145
Wi-Fi,0.23148148148148145
Marvell,0.23148148148148145
Dell,0.23148148148148145
Broadcom,0.23148148148148145
