Manufacturer,Percentage
Intel,80.37383177570094
Realtek,6.775700934579438
MediaTek,4.205607476635514
Qualcomm,3.7383177570093453
Killer,2.102803738317757
NETGEAR,0.7009345794392523
TP-Link,0.46728971962616817
RZ616,0.46728971962616817
Edimax,0.23364485981308408
Wi-Fi,0.23364485981308408
Marvell,0.23364485981308408
Dell,0.23364485981308408
Broadcom,0.23364485981308408
