Manufacturer,Percentage
Intel,80.23529411764706
Realtek,6.8235294117647065
MediaTek,4.235294117647059
Qualcomm,3.7647058823529407
Killer,2.1176470588235294
NETGEAR,0.7058823529411765
TP-Link,0.4705882352941176
RZ616,0.4705882352941176
Edimax,0.2352941176470588
Wi-Fi,0.2352941176470588
Marvell,0.2352941176470588
Dell,0.2352941176470588
Broadcom,0.2352941176470588
