Manufacturer,Percentage
Intel,80.32786885245902
Realtek,6.791569086651054
MediaTek,4.215456674473068
Qualcomm,3.747072599531616
Killer,2.107728337236534
NETGEAR,0.702576112412178
TP-Link,0.468384074941452
RZ616,0.468384074941452
Edimax,0.234192037470726
Wi-Fi,0.234192037470726
Marvell,0.234192037470726
Dell,0.234192037470726
Broadcom,0.234192037470726
