Manufacturer,Percentage
Intel,80.41958041958041
Realtek,6.75990675990676
MediaTek,4.195804195804196
Qualcomm,3.7296037296037294
Killer,2.097902097902098
NETGEAR,0.6993006993006993
TP-Link,0.4662004662004662
RZ616,0.4662004662004662
Edimax,0.2331002331002331
Wi-Fi,0.2331002331002331
Marvell,0.2331002331002331
Dell,0.2331002331002331
Broadcom,0.2331002331002331
